{
  "ensemble_method": "stacking",
  "best_threshold": 0.21000000000000002,
  "oof_f1": 0.3055344958301744,
  "test_f1": 0.32710280373831774,
  "test_precision": 0.3343949044585987,
  "test_recall": 0.3201219512195122
}