{"LightGBM": 0.17205659059163447, "XGBoost": 0.7204304933547974, "CatBoost": 0.6919040132549408, "Ensemble": 0.9568795570364563}